{
  "spec/jobs/item_expirer_job_spec.rb": 2.2610387802124023,
  "spec/jobs/payment_processor_job_spec.rb": 0.2395620346069336,
  "spec/models/check_spec.rb": 0.601046085357666,
  "spec/features/client_update_spec.rb": 2.5263986587524414,
  "spec/features/yard_sale_spec.rb": 3.132370948791504,
  "spec/features/new_account_spec.rb": 3.0314605236053467,
  "spec/models/statement_pdf_spec.rb": 0.4665241241455078,
  "spec/presenters/accounts_presenter_spec.rb": 1.4348905086517334,
  "spec/features/proposal_response_spec.rb": 20.851272583007812,
  "spec/services/webhook/processor_spec.rb": 0.756432056427002,
  "spec/models/scanned_agreement_spec.rb": 2.335197687149048,
  "spec/jobs/letter_sender_job_spec.rb": 0.497730016708374,
  "spec/features/accounts_show_spec.rb": 7.176159858703613,
  "spec/lib/clover/inventory_spec.rb": 2.5419726371765137,
  "spec/services/webhook_entry/creator_spec.rb": 0.6601340770721436,
  "spec/services/item_expirer_spec.rb": 1.984283208847046,
  "spec/features/search_spec.rb": 24.38668918609619,
  "spec/features/item_update_spec.rb": 4.537445306777954,
  "spec/features/user_show_spec.rb": 0.8944587707519531,
  "spec/models/webhook_spec.rb": 0.5311238765716553,
  "spec/models/category_spec.rb": 1.1763708591461182,
  "spec/features/item_show_spec.rb": 15.008574485778809,
  "spec/services/label_generator_spec.rb": 4.812794923782349,
  "spec/presenters/agreements_presenter_spec.rb": 2.7896597385406494,
  "spec/services/geolocation_service_spec.rb": 0.46721506118774414,
  "spec/models/company_spec.rb": 0.48364686965942383,
  "spec/mailers/notifier_spec.rb": 0.7243361473083496,
  "spec/features/company_about_us_spec.rb": 1.875215768814087,
  "spec/models/user_spec.rb": 2.2107677459716797,
  "spec/features/new_proposal_spec.rb": 2.4411134719848633,
  "spec/features/jobs_show_spec.rb": 6.398251056671143,
  "spec/services/discounts/applier_spec.rb": 6.879734039306641,
  "spec/features/items_index_spec.rb": 57.62309169769287,
  "spec/services/agreement_creator_spec.rb": 3.228951930999756,
  "spec/services/pdf_generator_spec.rb": 15.947777032852173,
  "spec/services/letter_sender_spec.rb": 1.7934536933898926,
  "spec/models/order_spec.rb": 1.7144997119903564,
  "spec/services/photo_creator_spec.rb": 1.4343066215515137,
  "spec/features/new_client_spec.rb": 1.163409948348999,
  "spec/services/letter_creator_spec.rb": 1.8920423984527588,
  "spec/models/account_spec.rb": 8.531676054000854,
  "spec/models/photo_spec.rb": 4.155687570571899,
  "spec/features/user_edit_spec.rb": 0.3555159568786621,
  "spec/features/job_update_spec.rb": 1.7698290348052979,
  "spec/features/edit_a_category_spec.rb": 3.79278564453125,
  "spec/services/check_sender_spec.rb": 4.369107723236084,
  "spec/services/client_creator_spec.rb": 1.215193748474121,
  "spec/models/proposal_spec.rb": 6.7776782512664795,
  "spec/features/item_labels_spec.rb": 1.5206091403961182,
  "spec/models/job_spec.rb": 3.2905399799346924,
  "spec/jobs/transactional_email_job_spec.rb": 0.575463056564331,
  "spec/services/item_updater_spec.rb": 4.762287378311157,
  "spec/features/client_show_spec.rb": 0.7522549629211426,
  "spec/jobs/check_sender_job_spec.rb": 0.36432886123657227,
  "spec/models/payment_spec.rb": 15.547988891601562,
  "spec/services/inventory_sync_spec.rb": 0.7063658237457275,
  "spec/models/item_spec.rb": 42.91558623313904,
  "spec/features/edit_a_proposal_spec.rb": 16.3954815864563,
  "spec/features/home_page_spec.rb": 27.2389497756958,
  "spec/presenters/jobs_presenter_spec.rb": 7.528454780578613,
  "spec/presenters/statements_presenter_spec.rb": 6.750092267990112,
  "spec/features/categories_spec.rb": 6.987861156463623,
  "spec/jobs/inventory_sync_job_spec.rb": 0.5693488121032715,
  "spec/jobs/consignment_period_ending_notifier_job_spec.rb": 0.8192770481109619,
  "spec/models/letter_spec.rb": 2.673070192337036,
  "spec/features/add_an_item_spec.rb": 0.9091517925262451,
  "spec/features/agreement_spec.rb": 42.88233470916748,
  "spec/models/client_spec.rb": 0.5944011211395264,
  "spec/jobs/webhook_processor_job_spec.rb": 1.0858263969421387,
  "spec/features/statement_spec.rb": 6.76160192489624,
  "spec/features/new_job_spec.rb": 0.24982094764709473,
  "spec/services/item_creator_spec.rb": 4.788193702697754,
  "spec/features/edit_a_company_spec.rb": 0.9011650085449219,
  "spec/models/webhook_entry_spec.rb": 1.0856828689575195,
  "spec/models/statement_spec.rb": 8.657078981399536,
  "spec/features/letter_index_spec.rb": 1.5076391696929932,
  "spec/models/agreement_spec.rb": 10.310047626495361,
  "spec/services/payment/processor_spec.rb": 15.372868061065674,
  "spec/services/statement_creator_spec.rb": 0.7236881256103516,
  "spec/jobs/daily_summary_email_job_spec.rb": 0.20241689682006836,
  "spec/services/order/updater_spec.rb": 21.703195333480835,
  "spec/features/account_index_spec.rb": 1.2008171081542969,
  "spec/features/letter_show_spec.rb": 2.0225656032562256,
  "spec/jobs/statement_job_spec.rb": 3.325922966003418,
  "spec/services/statement_updater_spec.rb": 1.0860950946807861,
  "spec/presenters/items_presenter_spec.rb": 23.140026092529297,
  "spec/models/discount_spec.rb": 2.6362733840942383
}